{"cameraMode":{"drawMode":0,"name":"Shaded","section":"Shading Mode"},"sceneLighting":true,"audioPlay":false,"sceneViewState":{"showFog":true,"showMaterialUpdate":true,"showSkybox":true,"showFlares":true,"showImageEffects":true,"showParticleSystems":true},"in2DMode":false,"pivot":{"x":0.3673967719078064,"y":-1.2547314167022706,"z":-0.6451219320297241},"rotation":{"x":-0.5583316683769226,"y":0.09654343873262406,"z":-0.06562531739473343,"w":-0.8213637471199036},"size":4.22835111618042,"orthographic":false}